"id","firstName","lastName","age","roleId","country","adminId"
"1","John","Doe","25","1","US","1"
"2","Jane","Doe","24","2","US","1"
"3","Jim","Smith","30","3","CA","6"
"4","Jill","Johnson","28","2","IT","6"
"5","Jack","Williams","27","2","GB","1"
"6","Joyce","Williams","26","1","IT","6"
"7","James","Smith","29","2","US","1"
"8","Jennifer","Johnson","31","3","FR","1"
"9","Jerry","Williams","32","3","DE","6"
"10","Judy","Smith","33","2","ES","6"
"11","Richis","Not in an existing country","35","2","XX","6"
"12","Milla","Has an incorrect role","36","72","IT","6"
"13","Bob","Has both incorrect role and country","37","72","XX","6"
